--
-- PostgreSQL database dump
--

-- Dumped from database version 9.5.14
-- Dumped by pg_dump version 9.5.14

SET statement_timeout = 0;
SET lock_timeout = 0;
SET client_encoding = 'UTF8';
SET standard_conforming_strings = on;
SELECT pg_catalog.set_config('search_path', '', false);
SET check_function_bodies = false;
SET client_min_messages = warning;
SET row_security = off;

--
-- Name: plpgsql; Type: EXTENSION; Schema: -; Owner: 
--

CREATE EXTENSION IF NOT EXISTS plpgsql WITH SCHEMA pg_catalog;


--
-- Name: EXTENSION plpgsql; Type: COMMENT; Schema: -; Owner: 
--

COMMENT ON EXTENSION plpgsql IS 'PL/pgSQL procedural language';


SET default_tablespace = '';

SET default_with_oids = false;

--
-- Name: auth_group; Type: TABLE; Schema: public; Owner: postgres
--

CREATE TABLE public.auth_group (
    id integer NOT NULL,
    name character varying(80) NOT NULL
);


ALTER TABLE public.auth_group OWNER TO postgres;

--
-- Name: auth_group_id_seq; Type: SEQUENCE; Schema: public; Owner: postgres
--

CREATE SEQUENCE public.auth_group_id_seq
    START WITH 1
    INCREMENT BY 1
    NO MINVALUE
    NO MAXVALUE
    CACHE 1;


ALTER TABLE public.auth_group_id_seq OWNER TO postgres;

--
-- Name: auth_group_id_seq; Type: SEQUENCE OWNED BY; Schema: public; Owner: postgres
--

ALTER SEQUENCE public.auth_group_id_seq OWNED BY public.auth_group.id;


--
-- Name: auth_group_permissions; Type: TABLE; Schema: public; Owner: postgres
--

CREATE TABLE public.auth_group_permissions (
    id integer NOT NULL,
    group_id integer NOT NULL,
    permission_id integer NOT NULL
);


ALTER TABLE public.auth_group_permissions OWNER TO postgres;

--
-- Name: auth_group_permissions_id_seq; Type: SEQUENCE; Schema: public; Owner: postgres
--

CREATE SEQUENCE public.auth_group_permissions_id_seq
    START WITH 1
    INCREMENT BY 1
    NO MINVALUE
    NO MAXVALUE
    CACHE 1;


ALTER TABLE public.auth_group_permissions_id_seq OWNER TO postgres;

--
-- Name: auth_group_permissions_id_seq; Type: SEQUENCE OWNED BY; Schema: public; Owner: postgres
--

ALTER SEQUENCE public.auth_group_permissions_id_seq OWNED BY public.auth_group_permissions.id;


--
-- Name: auth_permission; Type: TABLE; Schema: public; Owner: postgres
--

CREATE TABLE public.auth_permission (
    id integer NOT NULL,
    name character varying(255) NOT NULL,
    content_type_id integer NOT NULL,
    codename character varying(100) NOT NULL
);


ALTER TABLE public.auth_permission OWNER TO postgres;

--
-- Name: auth_permission_id_seq; Type: SEQUENCE; Schema: public; Owner: postgres
--

CREATE SEQUENCE public.auth_permission_id_seq
    START WITH 1
    INCREMENT BY 1
    NO MINVALUE
    NO MAXVALUE
    CACHE 1;


ALTER TABLE public.auth_permission_id_seq OWNER TO postgres;

--
-- Name: auth_permission_id_seq; Type: SEQUENCE OWNED BY; Schema: public; Owner: postgres
--

ALTER SEQUENCE public.auth_permission_id_seq OWNED BY public.auth_permission.id;


--
-- Name: auth_user; Type: TABLE; Schema: public; Owner: postgres
--

CREATE TABLE public.auth_user (
    id integer NOT NULL,
    password character varying(128) NOT NULL,
    last_login timestamp with time zone,
    is_superuser boolean NOT NULL,
    username character varying(150) NOT NULL,
    first_name character varying(30) NOT NULL,
    last_name character varying(150) NOT NULL,
    email character varying(254) NOT NULL,
    is_staff boolean NOT NULL,
    is_active boolean NOT NULL,
    date_joined timestamp with time zone NOT NULL
);


ALTER TABLE public.auth_user OWNER TO postgres;

--
-- Name: auth_user_groups; Type: TABLE; Schema: public; Owner: postgres
--

CREATE TABLE public.auth_user_groups (
    id integer NOT NULL,
    user_id integer NOT NULL,
    group_id integer NOT NULL
);


ALTER TABLE public.auth_user_groups OWNER TO postgres;

--
-- Name: auth_user_groups_id_seq; Type: SEQUENCE; Schema: public; Owner: postgres
--

CREATE SEQUENCE public.auth_user_groups_id_seq
    START WITH 1
    INCREMENT BY 1
    NO MINVALUE
    NO MAXVALUE
    CACHE 1;


ALTER TABLE public.auth_user_groups_id_seq OWNER TO postgres;

--
-- Name: auth_user_groups_id_seq; Type: SEQUENCE OWNED BY; Schema: public; Owner: postgres
--

ALTER SEQUENCE public.auth_user_groups_id_seq OWNED BY public.auth_user_groups.id;


--
-- Name: auth_user_id_seq; Type: SEQUENCE; Schema: public; Owner: postgres
--

CREATE SEQUENCE public.auth_user_id_seq
    START WITH 1
    INCREMENT BY 1
    NO MINVALUE
    NO MAXVALUE
    CACHE 1;


ALTER TABLE public.auth_user_id_seq OWNER TO postgres;

--
-- Name: auth_user_id_seq; Type: SEQUENCE OWNED BY; Schema: public; Owner: postgres
--

ALTER SEQUENCE public.auth_user_id_seq OWNED BY public.auth_user.id;


--
-- Name: auth_user_user_permissions; Type: TABLE; Schema: public; Owner: postgres
--

CREATE TABLE public.auth_user_user_permissions (
    id integer NOT NULL,
    user_id integer NOT NULL,
    permission_id integer NOT NULL
);


ALTER TABLE public.auth_user_user_permissions OWNER TO postgres;

--
-- Name: auth_user_user_permissions_id_seq; Type: SEQUENCE; Schema: public; Owner: postgres
--

CREATE SEQUENCE public.auth_user_user_permissions_id_seq
    START WITH 1
    INCREMENT BY 1
    NO MINVALUE
    NO MAXVALUE
    CACHE 1;


ALTER TABLE public.auth_user_user_permissions_id_seq OWNER TO postgres;

--
-- Name: auth_user_user_permissions_id_seq; Type: SEQUENCE OWNED BY; Schema: public; Owner: postgres
--

ALTER SEQUENCE public.auth_user_user_permissions_id_seq OWNED BY public.auth_user_user_permissions.id;


--
-- Name: django_content_type; Type: TABLE; Schema: public; Owner: postgres
--

CREATE TABLE public.django_content_type (
    id integer NOT NULL,
    app_label character varying(100) NOT NULL,
    model character varying(100) NOT NULL
);


ALTER TABLE public.django_content_type OWNER TO postgres;

--
-- Name: django_content_type_id_seq; Type: SEQUENCE; Schema: public; Owner: postgres
--

CREATE SEQUENCE public.django_content_type_id_seq
    START WITH 1
    INCREMENT BY 1
    NO MINVALUE
    NO MAXVALUE
    CACHE 1;


ALTER TABLE public.django_content_type_id_seq OWNER TO postgres;

--
-- Name: django_content_type_id_seq; Type: SEQUENCE OWNED BY; Schema: public; Owner: postgres
--

ALTER SEQUENCE public.django_content_type_id_seq OWNED BY public.django_content_type.id;


--
-- Name: django_migrations; Type: TABLE; Schema: public; Owner: postgres
--

CREATE TABLE public.django_migrations (
    id integer NOT NULL,
    app character varying(255) NOT NULL,
    name character varying(255) NOT NULL,
    applied timestamp with time zone NOT NULL
);


ALTER TABLE public.django_migrations OWNER TO postgres;

--
-- Name: django_migrations_id_seq; Type: SEQUENCE; Schema: public; Owner: postgres
--

CREATE SEQUENCE public.django_migrations_id_seq
    START WITH 1
    INCREMENT BY 1
    NO MINVALUE
    NO MAXVALUE
    CACHE 1;


ALTER TABLE public.django_migrations_id_seq OWNER TO postgres;

--
-- Name: django_migrations_id_seq; Type: SEQUENCE OWNED BY; Schema: public; Owner: postgres
--

ALTER SEQUENCE public.django_migrations_id_seq OWNED BY public.django_migrations.id;


--
-- Name: django_session; Type: TABLE; Schema: public; Owner: postgres
--

CREATE TABLE public.django_session (
    session_key character varying(40) NOT NULL,
    session_data text NOT NULL,
    expire_date timestamp with time zone NOT NULL
);


ALTER TABLE public.django_session OWNER TO postgres;

--
-- Name: solicitudes_categorias; Type: TABLE; Schema: public; Owner: postgres
--

CREATE TABLE public.solicitudes_categorias (
    id integer NOT NULL,
    nombre character varying(50) NOT NULL
);


ALTER TABLE public.solicitudes_categorias OWNER TO postgres;

--
-- Name: solicitudes_categorias_id_seq; Type: SEQUENCE; Schema: public; Owner: postgres
--

CREATE SEQUENCE public.solicitudes_categorias_id_seq
    START WITH 1
    INCREMENT BY 1
    NO MINVALUE
    NO MAXVALUE
    CACHE 1;


ALTER TABLE public.solicitudes_categorias_id_seq OWNER TO postgres;

--
-- Name: solicitudes_categorias_id_seq; Type: SEQUENCE OWNED BY; Schema: public; Owner: postgres
--

ALTER SEQUENCE public.solicitudes_categorias_id_seq OWNED BY public.solicitudes_categorias.id;


--
-- Name: solicitudes_facturas; Type: TABLE; Schema: public; Owner: postgres
--

CREATE TABLE public.solicitudes_facturas (
    id integer NOT NULL,
    factura character varying(100) NOT NULL,
    nombre character varying(50),
    solicitud_id integer
);


ALTER TABLE public.solicitudes_facturas OWNER TO postgres;

--
-- Name: solicitudes_facturas_id_seq; Type: SEQUENCE; Schema: public; Owner: postgres
--

CREATE SEQUENCE public.solicitudes_facturas_id_seq
    START WITH 1
    INCREMENT BY 1
    NO MINVALUE
    NO MAXVALUE
    CACHE 1;


ALTER TABLE public.solicitudes_facturas_id_seq OWNER TO postgres;

--
-- Name: solicitudes_facturas_id_seq; Type: SEQUENCE OWNED BY; Schema: public; Owner: postgres
--

ALTER SEQUENCE public.solicitudes_facturas_id_seq OWNED BY public.solicitudes_facturas.id;


--
-- Name: solicitudes_fanpages; Type: TABLE; Schema: public; Owner: postgres
--

CREATE TABLE public.solicitudes_fanpages (
    id integer NOT NULL,
    nombre character varying(50) NOT NULL,
    zona_id integer NOT NULL
);


ALTER TABLE public.solicitudes_fanpages OWNER TO postgres;

--
-- Name: solicitudes_fanpages_id_seq; Type: SEQUENCE; Schema: public; Owner: postgres
--

CREATE SEQUENCE public.solicitudes_fanpages_id_seq
    START WITH 1
    INCREMENT BY 1
    NO MINVALUE
    NO MAXVALUE
    CACHE 1;


ALTER TABLE public.solicitudes_fanpages_id_seq OWNER TO postgres;

--
-- Name: solicitudes_fanpages_id_seq; Type: SEQUENCE OWNED BY; Schema: public; Owner: postgres
--

ALTER SEQUENCE public.solicitudes_fanpages_id_seq OWNED BY public.solicitudes_fanpages.id;


--
-- Name: solicitudes_gerentes; Type: TABLE; Schema: public; Owner: postgres
--

CREATE TABLE public.solicitudes_gerentes (
    id integer NOT NULL,
    nombre character varying(50) NOT NULL,
    zona_id integer NOT NULL
);


ALTER TABLE public.solicitudes_gerentes OWNER TO postgres;

--
-- Name: solicitudes_gerentes_id_seq; Type: SEQUENCE; Schema: public; Owner: postgres
--

CREATE SEQUENCE public.solicitudes_gerentes_id_seq
    START WITH 1
    INCREMENT BY 1
    NO MINVALUE
    NO MAXVALUE
    CACHE 1;


ALTER TABLE public.solicitudes_gerentes_id_seq OWNER TO postgres;

--
-- Name: solicitudes_gerentes_id_seq; Type: SEQUENCE OWNED BY; Schema: public; Owner: postgres
--

ALTER SEQUENCE public.solicitudes_gerentes_id_seq OWNED BY public.solicitudes_gerentes.id;


--
-- Name: solicitudes_imagenes; Type: TABLE; Schema: public; Owner: postgres
--

CREATE TABLE public.solicitudes_imagenes (
    id integer NOT NULL,
    imagen character varying(100) NOT NULL,
    nombre character varying(50),
    solicitud_id integer
);


ALTER TABLE public.solicitudes_imagenes OWNER TO postgres;

--
-- Name: solicitudes_imagenes_id_seq; Type: SEQUENCE; Schema: public; Owner: postgres
--

CREATE SEQUENCE public.solicitudes_imagenes_id_seq
    START WITH 1
    INCREMENT BY 1
    NO MINVALUE
    NO MAXVALUE
    CACHE 1;


ALTER TABLE public.solicitudes_imagenes_id_seq OWNER TO postgres;

--
-- Name: solicitudes_imagenes_id_seq; Type: SEQUENCE OWNED BY; Schema: public; Owner: postgres
--

ALTER SEQUENCE public.solicitudes_imagenes_id_seq OWNED BY public.solicitudes_imagenes.id;


--
-- Name: solicitudes_solicitudes; Type: TABLE; Schema: public; Owner: postgres
--

CREATE TABLE public.solicitudes_solicitudes (
    id integer NOT NULL,
    fecha date NOT NULL,
    folio character varying(10) NOT NULL,
    post date NOT NULL,
    link character varying(200) NOT NULL,
    categoria_id integer NOT NULL,
    "fanPage_id" integer NOT NULL,
    gerente_id integer NOT NULL,
    tipo_id integer NOT NULL,
    zona_id integer NOT NULL
);


ALTER TABLE public.solicitudes_solicitudes OWNER TO postgres;

--
-- Name: solicitudes_solicitudes_id_seq; Type: SEQUENCE; Schema: public; Owner: postgres
--

CREATE SEQUENCE public.solicitudes_solicitudes_id_seq
    START WITH 1
    INCREMENT BY 1
    NO MINVALUE
    NO MAXVALUE
    CACHE 1;


ALTER TABLE public.solicitudes_solicitudes_id_seq OWNER TO postgres;

--
-- Name: solicitudes_solicitudes_id_seq; Type: SEQUENCE OWNED BY; Schema: public; Owner: postgres
--

ALTER SEQUENCE public.solicitudes_solicitudes_id_seq OWNED BY public.solicitudes_solicitudes.id;


--
-- Name: solicitudes_tipos; Type: TABLE; Schema: public; Owner: postgres
--

CREATE TABLE public.solicitudes_tipos (
    id integer NOT NULL,
    nombre character varying(50) NOT NULL
);


ALTER TABLE public.solicitudes_tipos OWNER TO postgres;

--
-- Name: solicitudes_tipos_id_seq; Type: SEQUENCE; Schema: public; Owner: postgres
--

CREATE SEQUENCE public.solicitudes_tipos_id_seq
    START WITH 1
    INCREMENT BY 1
    NO MINVALUE
    NO MAXVALUE
    CACHE 1;


ALTER TABLE public.solicitudes_tipos_id_seq OWNER TO postgres;

--
-- Name: solicitudes_tipos_id_seq; Type: SEQUENCE OWNED BY; Schema: public; Owner: postgres
--

ALTER SEQUENCE public.solicitudes_tipos_id_seq OWNED BY public.solicitudes_tipos.id;


--
-- Name: solicitudes_zonas; Type: TABLE; Schema: public; Owner: postgres
--

CREATE TABLE public.solicitudes_zonas (
    id integer NOT NULL,
    nombre character varying(50) NOT NULL
);


ALTER TABLE public.solicitudes_zonas OWNER TO postgres;

--
-- Name: solicitudes_zonas_id_seq; Type: SEQUENCE; Schema: public; Owner: postgres
--

CREATE SEQUENCE public.solicitudes_zonas_id_seq
    START WITH 1
    INCREMENT BY 1
    NO MINVALUE
    NO MAXVALUE
    CACHE 1;


ALTER TABLE public.solicitudes_zonas_id_seq OWNER TO postgres;

--
-- Name: solicitudes_zonas_id_seq; Type: SEQUENCE OWNED BY; Schema: public; Owner: postgres
--

ALTER SEQUENCE public.solicitudes_zonas_id_seq OWNED BY public.solicitudes_zonas.id;


--
-- Name: id; Type: DEFAULT; Schema: public; Owner: postgres
--

ALTER TABLE ONLY public.auth_group ALTER COLUMN id SET DEFAULT nextval('public.auth_group_id_seq'::regclass);


--
-- Name: id; Type: DEFAULT; Schema: public; Owner: postgres
--

ALTER TABLE ONLY public.auth_group_permissions ALTER COLUMN id SET DEFAULT nextval('public.auth_group_permissions_id_seq'::regclass);


--
-- Name: id; Type: DEFAULT; Schema: public; Owner: postgres
--

ALTER TABLE ONLY public.auth_permission ALTER COLUMN id SET DEFAULT nextval('public.auth_permission_id_seq'::regclass);


--
-- Name: id; Type: DEFAULT; Schema: public; Owner: postgres
--

ALTER TABLE ONLY public.auth_user ALTER COLUMN id SET DEFAULT nextval('public.auth_user_id_seq'::regclass);


--
-- Name: id; Type: DEFAULT; Schema: public; Owner: postgres
--

ALTER TABLE ONLY public.auth_user_groups ALTER COLUMN id SET DEFAULT nextval('public.auth_user_groups_id_seq'::regclass);


--
-- Name: id; Type: DEFAULT; Schema: public; Owner: postgres
--

ALTER TABLE ONLY public.auth_user_user_permissions ALTER COLUMN id SET DEFAULT nextval('public.auth_user_user_permissions_id_seq'::regclass);


--
-- Name: id; Type: DEFAULT; Schema: public; Owner: postgres
--

ALTER TABLE ONLY public.django_content_type ALTER COLUMN id SET DEFAULT nextval('public.django_content_type_id_seq'::regclass);


--
-- Name: id; Type: DEFAULT; Schema: public; Owner: postgres
--

ALTER TABLE ONLY public.django_migrations ALTER COLUMN id SET DEFAULT nextval('public.django_migrations_id_seq'::regclass);


--
-- Name: id; Type: DEFAULT; Schema: public; Owner: postgres
--

ALTER TABLE ONLY public.solicitudes_categorias ALTER COLUMN id SET DEFAULT nextval('public.solicitudes_categorias_id_seq'::regclass);


--
-- Name: id; Type: DEFAULT; Schema: public; Owner: postgres
--

ALTER TABLE ONLY public.solicitudes_facturas ALTER COLUMN id SET DEFAULT nextval('public.solicitudes_facturas_id_seq'::regclass);


--
-- Name: id; Type: DEFAULT; Schema: public; Owner: postgres
--

ALTER TABLE ONLY public.solicitudes_fanpages ALTER COLUMN id SET DEFAULT nextval('public.solicitudes_fanpages_id_seq'::regclass);


--
-- Name: id; Type: DEFAULT; Schema: public; Owner: postgres
--

ALTER TABLE ONLY public.solicitudes_gerentes ALTER COLUMN id SET DEFAULT nextval('public.solicitudes_gerentes_id_seq'::regclass);


--
-- Name: id; Type: DEFAULT; Schema: public; Owner: postgres
--

ALTER TABLE ONLY public.solicitudes_imagenes ALTER COLUMN id SET DEFAULT nextval('public.solicitudes_imagenes_id_seq'::regclass);


--
-- Name: id; Type: DEFAULT; Schema: public; Owner: postgres
--

ALTER TABLE ONLY public.solicitudes_solicitudes ALTER COLUMN id SET DEFAULT nextval('public.solicitudes_solicitudes_id_seq'::regclass);


--
-- Name: id; Type: DEFAULT; Schema: public; Owner: postgres
--

ALTER TABLE ONLY public.solicitudes_tipos ALTER COLUMN id SET DEFAULT nextval('public.solicitudes_tipos_id_seq'::regclass);


--
-- Name: id; Type: DEFAULT; Schema: public; Owner: postgres
--

ALTER TABLE ONLY public.solicitudes_zonas ALTER COLUMN id SET DEFAULT nextval('public.solicitudes_zonas_id_seq'::regclass);


--
-- Data for Name: auth_group; Type: TABLE DATA; Schema: public; Owner: postgres
--

COPY public.auth_group (id, name) FROM stdin;
\.


--
-- Name: auth_group_id_seq; Type: SEQUENCE SET; Schema: public; Owner: postgres
--

SELECT pg_catalog.setval('public.auth_group_id_seq', 1, false);


--
-- Data for Name: auth_group_permissions; Type: TABLE DATA; Schema: public; Owner: postgres
--

COPY public.auth_group_permissions (id, group_id, permission_id) FROM stdin;
\.


--
-- Name: auth_group_permissions_id_seq; Type: SEQUENCE SET; Schema: public; Owner: postgres
--

SELECT pg_catalog.setval('public.auth_group_permissions_id_seq', 1, false);


--
-- Data for Name: auth_permission; Type: TABLE DATA; Schema: public; Owner: postgres
--

COPY public.auth_permission (id, name, content_type_id, codename) FROM stdin;
1	Can add user	1	add_user
2	Can change user	1	change_user
3	Can delete user	1	delete_user
4	Can view user	1	view_user
5	Can add group	2	add_group
6	Can change group	2	change_group
7	Can delete group	2	delete_group
8	Can view group	2	view_group
9	Can add permission	3	add_permission
10	Can change permission	3	change_permission
11	Can delete permission	3	delete_permission
12	Can view permission	3	view_permission
13	Can add content type	4	add_contenttype
14	Can change content type	4	change_contenttype
15	Can delete content type	4	delete_contenttype
16	Can view content type	4	view_contenttype
17	Can add session	5	add_session
18	Can change session	5	change_session
19	Can delete session	5	delete_session
20	Can view session	5	view_session
21	Can add categorias	6	add_categorias
22	Can change categorias	6	change_categorias
23	Can delete categorias	6	delete_categorias
24	Can view categorias	6	view_categorias
25	Can add facturas	7	add_facturas
26	Can change facturas	7	change_facturas
27	Can delete facturas	7	delete_facturas
28	Can view facturas	7	view_facturas
29	Can add gerentes	8	add_gerentes
30	Can change gerentes	8	change_gerentes
31	Can delete gerentes	8	delete_gerentes
32	Can view gerentes	8	view_gerentes
33	Can add tipos	9	add_tipos
34	Can change tipos	9	change_tipos
35	Can delete tipos	9	delete_tipos
36	Can view tipos	9	view_tipos
37	Can add zonas	10	add_zonas
38	Can change zonas	10	change_zonas
39	Can delete zonas	10	delete_zonas
40	Can view zonas	10	view_zonas
41	Can add imagenes	11	add_imagenes
42	Can change imagenes	11	change_imagenes
43	Can delete imagenes	11	delete_imagenes
44	Can view imagenes	11	view_imagenes
45	Can add fan pages	12	add_fanpages
46	Can change fan pages	12	change_fanpages
47	Can delete fan pages	12	delete_fanpages
48	Can view fan pages	12	view_fanpages
49	Can add solicitudes	13	add_solicitudes
50	Can change solicitudes	13	change_solicitudes
51	Can delete solicitudes	13	delete_solicitudes
52	Can view solicitudes	13	view_solicitudes
\.


--
-- Name: auth_permission_id_seq; Type: SEQUENCE SET; Schema: public; Owner: postgres
--

SELECT pg_catalog.setval('public.auth_permission_id_seq', 52, true);


--
-- Data for Name: auth_user; Type: TABLE DATA; Schema: public; Owner: postgres
--

COPY public.auth_user (id, password, last_login, is_superuser, username, first_name, last_name, email, is_staff, is_active, date_joined) FROM stdin;
1	pbkdf2_sha256$120000$31RNHC98idXj$Obg9kTl7kQpWRTHSAk7aOarKVB0G2s+uzNsB+dbiBsw=	2019-04-18 15:19:18.02604+00	t	admin			admin@tobe.mx	t	t	2019-04-13 14:48:31.542477+00
\.


--
-- Data for Name: auth_user_groups; Type: TABLE DATA; Schema: public; Owner: postgres
--

COPY public.auth_user_groups (id, user_id, group_id) FROM stdin;
\.


--
-- Name: auth_user_groups_id_seq; Type: SEQUENCE SET; Schema: public; Owner: postgres
--

SELECT pg_catalog.setval('public.auth_user_groups_id_seq', 1, false);


--
-- Name: auth_user_id_seq; Type: SEQUENCE SET; Schema: public; Owner: postgres
--

SELECT pg_catalog.setval('public.auth_user_id_seq', 1, true);


--
-- Data for Name: auth_user_user_permissions; Type: TABLE DATA; Schema: public; Owner: postgres
--

COPY public.auth_user_user_permissions (id, user_id, permission_id) FROM stdin;
\.


--
-- Name: auth_user_user_permissions_id_seq; Type: SEQUENCE SET; Schema: public; Owner: postgres
--

SELECT pg_catalog.setval('public.auth_user_user_permissions_id_seq', 1, false);


--
-- Data for Name: django_content_type; Type: TABLE DATA; Schema: public; Owner: postgres
--

COPY public.django_content_type (id, app_label, model) FROM stdin;
1	auth	user
2	auth	group
3	auth	permission
4	contenttypes	contenttype
5	sessions	session
6	solicitudes	categorias
7	solicitudes	facturas
8	solicitudes	gerentes
9	solicitudes	tipos
10	solicitudes	zonas
11	solicitudes	imagenes
12	solicitudes	fanpages
13	solicitudes	solicitudes
\.


--
-- Name: django_content_type_id_seq; Type: SEQUENCE SET; Schema: public; Owner: postgres
--

SELECT pg_catalog.setval('public.django_content_type_id_seq', 13, true);


--
-- Data for Name: django_migrations; Type: TABLE DATA; Schema: public; Owner: postgres
--

COPY public.django_migrations (id, app, name, applied) FROM stdin;
1	contenttypes	0001_initial	2019-04-13 14:47:18.075123+00
2	contenttypes	0002_remove_content_type_name	2019-04-13 14:47:18.123336+00
3	auth	0001_initial	2019-04-13 14:47:18.188687+00
4	auth	0002_alter_permission_name_max_length	2019-04-13 14:47:18.197914+00
5	auth	0003_alter_user_email_max_length	2019-04-13 14:47:18.209138+00
6	auth	0004_alter_user_username_opts	2019-04-13 14:47:18.22347+00
7	auth	0005_alter_user_last_login_null	2019-04-13 14:47:18.2525+00
8	auth	0006_require_contenttypes_0002	2019-04-13 14:47:18.255559+00
9	auth	0007_alter_validators_add_error_messages	2019-04-13 14:47:18.266781+00
10	auth	0008_alter_user_username_max_length	2019-04-13 14:47:18.279087+00
11	auth	0009_alter_user_last_name_max_length	2019-04-13 14:47:18.293488+00
12	sessions	0001_initial	2019-04-13 14:47:18.325101+00
13	solicitudes	0001_initial	2019-04-13 14:47:18.423132+00
\.


--
-- Name: django_migrations_id_seq; Type: SEQUENCE SET; Schema: public; Owner: postgres
--

SELECT pg_catalog.setval('public.django_migrations_id_seq', 13, true);


--
-- Data for Name: django_session; Type: TABLE DATA; Schema: public; Owner: postgres
--

COPY public.django_session (session_key, session_data, expire_date) FROM stdin;
ky77rortiwqkm87e0ghopiu0jhjih18c	NDA4MDZmMjJmZDcxZWJiOTkwZDk2YjgzOTQ4YTY5NzEyNDczMmI5NDp7Il9hdXRoX3VzZXJfaWQiOiIxIiwiX2F1dGhfdXNlcl9iYWNrZW5kIjoiZGphbmdvLmNvbnRyaWIuYXV0aC5iYWNrZW5kcy5Nb2RlbEJhY2tlbmQiLCJfYXV0aF91c2VyX2hhc2giOiIzMmM4YzQyMjllMTI1OTE3NDQ0ZjZkMzlhYmQ2ZmQ2ZmEyZmZlOGZmIn0=	2019-05-02 15:19:18.103661+00
\.


--
-- Data for Name: solicitudes_categorias; Type: TABLE DATA; Schema: public; Owner: postgres
--

COPY public.solicitudes_categorias (id, nombre) FROM stdin;
\.


--
-- Name: solicitudes_categorias_id_seq; Type: SEQUENCE SET; Schema: public; Owner: postgres
--

SELECT pg_catalog.setval('public.solicitudes_categorias_id_seq', 1, false);


--
-- Data for Name: solicitudes_facturas; Type: TABLE DATA; Schema: public; Owner: postgres
--

COPY public.solicitudes_facturas (id, factura, nombre, solicitud_id) FROM stdin;
\.


--
-- Name: solicitudes_facturas_id_seq; Type: SEQUENCE SET; Schema: public; Owner: postgres
--

SELECT pg_catalog.setval('public.solicitudes_facturas_id_seq', 1, false);


--
-- Data for Name: solicitudes_fanpages; Type: TABLE DATA; Schema: public; Owner: postgres
--

COPY public.solicitudes_fanpages (id, nombre, zona_id) FROM stdin;
\.


--
-- Name: solicitudes_fanpages_id_seq; Type: SEQUENCE SET; Schema: public; Owner: postgres
--

SELECT pg_catalog.setval('public.solicitudes_fanpages_id_seq', 1, false);


--
-- Data for Name: solicitudes_gerentes; Type: TABLE DATA; Schema: public; Owner: postgres
--

COPY public.solicitudes_gerentes (id, nombre, zona_id) FROM stdin;
\.


--
-- Name: solicitudes_gerentes_id_seq; Type: SEQUENCE SET; Schema: public; Owner: postgres
--

SELECT pg_catalog.setval('public.solicitudes_gerentes_id_seq', 1, false);


--
-- Data for Name: solicitudes_imagenes; Type: TABLE DATA; Schema: public; Owner: postgres
--

COPY public.solicitudes_imagenes (id, imagen, nombre, solicitud_id) FROM stdin;
\.


--
-- Name: solicitudes_imagenes_id_seq; Type: SEQUENCE SET; Schema: public; Owner: postgres
--

SELECT pg_catalog.setval('public.solicitudes_imagenes_id_seq', 1, false);


--
-- Data for Name: solicitudes_solicitudes; Type: TABLE DATA; Schema: public; Owner: postgres
--

COPY public.solicitudes_solicitudes (id, fecha, folio, post, link, categoria_id, "fanPage_id", gerente_id, tipo_id, zona_id) FROM stdin;
\.


--
-- Name: solicitudes_solicitudes_id_seq; Type: SEQUENCE SET; Schema: public; Owner: postgres
--

SELECT pg_catalog.setval('public.solicitudes_solicitudes_id_seq', 1, false);


--
-- Data for Name: solicitudes_tipos; Type: TABLE DATA; Schema: public; Owner: postgres
--

COPY public.solicitudes_tipos (id, nombre) FROM stdin;
\.


--
-- Name: solicitudes_tipos_id_seq; Type: SEQUENCE SET; Schema: public; Owner: postgres
--

SELECT pg_catalog.setval('public.solicitudes_tipos_id_seq', 1, false);


--
-- Data for Name: solicitudes_zonas; Type: TABLE DATA; Schema: public; Owner: postgres
--

COPY public.solicitudes_zonas (id, nombre) FROM stdin;
\.


--
-- Name: solicitudes_zonas_id_seq; Type: SEQUENCE SET; Schema: public; Owner: postgres
--

SELECT pg_catalog.setval('public.solicitudes_zonas_id_seq', 1, false);


--
-- Name: auth_group_name_key; Type: CONSTRAINT; Schema: public; Owner: postgres
--

ALTER TABLE ONLY public.auth_group
    ADD CONSTRAINT auth_group_name_key UNIQUE (name);


--
-- Name: auth_group_permissions_group_id_permission_id_0cd325b0_uniq; Type: CONSTRAINT; Schema: public; Owner: postgres
--

ALTER TABLE ONLY public.auth_group_permissions
    ADD CONSTRAINT auth_group_permissions_group_id_permission_id_0cd325b0_uniq UNIQUE (group_id, permission_id);


--
-- Name: auth_group_permissions_pkey; Type: CONSTRAINT; Schema: public; Owner: postgres
--

ALTER TABLE ONLY public.auth_group_permissions
    ADD CONSTRAINT auth_group_permissions_pkey PRIMARY KEY (id);


--
-- Name: auth_group_pkey; Type: CONSTRAINT; Schema: public; Owner: postgres
--

ALTER TABLE ONLY public.auth_group
    ADD CONSTRAINT auth_group_pkey PRIMARY KEY (id);


--
-- Name: auth_permission_content_type_id_codename_01ab375a_uniq; Type: CONSTRAINT; Schema: public; Owner: postgres
--

ALTER TABLE ONLY public.auth_permission
    ADD CONSTRAINT auth_permission_content_type_id_codename_01ab375a_uniq UNIQUE (content_type_id, codename);


--
-- Name: auth_permission_pkey; Type: CONSTRAINT; Schema: public; Owner: postgres
--

ALTER TABLE ONLY public.auth_permission
    ADD CONSTRAINT auth_permission_pkey PRIMARY KEY (id);


--
-- Name: auth_user_groups_pkey; Type: CONSTRAINT; Schema: public; Owner: postgres
--

ALTER TABLE ONLY public.auth_user_groups
    ADD CONSTRAINT auth_user_groups_pkey PRIMARY KEY (id);


--
-- Name: auth_user_groups_user_id_group_id_94350c0c_uniq; Type: CONSTRAINT; Schema: public; Owner: postgres
--

ALTER TABLE ONLY public.auth_user_groups
    ADD CONSTRAINT auth_user_groups_user_id_group_id_94350c0c_uniq UNIQUE (user_id, group_id);


--
-- Name: auth_user_pkey; Type: CONSTRAINT; Schema: public; Owner: postgres
--

ALTER TABLE ONLY public.auth_user
    ADD CONSTRAINT auth_user_pkey PRIMARY KEY (id);


--
-- Name: auth_user_user_permissions_pkey; Type: CONSTRAINT; Schema: public; Owner: postgres
--

ALTER TABLE ONLY public.auth_user_user_permissions
    ADD CONSTRAINT auth_user_user_permissions_pkey PRIMARY KEY (id);


--
-- Name: auth_user_user_permissions_user_id_permission_id_14a6b632_uniq; Type: CONSTRAINT; Schema: public; Owner: postgres
--

ALTER TABLE ONLY public.auth_user_user_permissions
    ADD CONSTRAINT auth_user_user_permissions_user_id_permission_id_14a6b632_uniq UNIQUE (user_id, permission_id);


--
-- Name: auth_user_username_key; Type: CONSTRAINT; Schema: public; Owner: postgres
--

ALTER TABLE ONLY public.auth_user
    ADD CONSTRAINT auth_user_username_key UNIQUE (username);


--
-- Name: django_content_type_app_label_model_76bd3d3b_uniq; Type: CONSTRAINT; Schema: public; Owner: postgres
--

ALTER TABLE ONLY public.django_content_type
    ADD CONSTRAINT django_content_type_app_label_model_76bd3d3b_uniq UNIQUE (app_label, model);


--
-- Name: django_content_type_pkey; Type: CONSTRAINT; Schema: public; Owner: postgres
--

ALTER TABLE ONLY public.django_content_type
    ADD CONSTRAINT django_content_type_pkey PRIMARY KEY (id);


--
-- Name: django_migrations_pkey; Type: CONSTRAINT; Schema: public; Owner: postgres
--

ALTER TABLE ONLY public.django_migrations
    ADD CONSTRAINT django_migrations_pkey PRIMARY KEY (id);


--
-- Name: django_session_pkey; Type: CONSTRAINT; Schema: public; Owner: postgres
--

ALTER TABLE ONLY public.django_session
    ADD CONSTRAINT django_session_pkey PRIMARY KEY (session_key);


--
-- Name: solicitudes_categorias_pkey; Type: CONSTRAINT; Schema: public; Owner: postgres
--

ALTER TABLE ONLY public.solicitudes_categorias
    ADD CONSTRAINT solicitudes_categorias_pkey PRIMARY KEY (id);


--
-- Name: solicitudes_facturas_pkey; Type: CONSTRAINT; Schema: public; Owner: postgres
--

ALTER TABLE ONLY public.solicitudes_facturas
    ADD CONSTRAINT solicitudes_facturas_pkey PRIMARY KEY (id);


--
-- Name: solicitudes_fanpages_pkey; Type: CONSTRAINT; Schema: public; Owner: postgres
--

ALTER TABLE ONLY public.solicitudes_fanpages
    ADD CONSTRAINT solicitudes_fanpages_pkey PRIMARY KEY (id);


--
-- Name: solicitudes_gerentes_pkey; Type: CONSTRAINT; Schema: public; Owner: postgres
--

ALTER TABLE ONLY public.solicitudes_gerentes
    ADD CONSTRAINT solicitudes_gerentes_pkey PRIMARY KEY (id);


--
-- Name: solicitudes_imagenes_pkey; Type: CONSTRAINT; Schema: public; Owner: postgres
--

ALTER TABLE ONLY public.solicitudes_imagenes
    ADD CONSTRAINT solicitudes_imagenes_pkey PRIMARY KEY (id);


--
-- Name: solicitudes_solicitudes_pkey; Type: CONSTRAINT; Schema: public; Owner: postgres
--

ALTER TABLE ONLY public.solicitudes_solicitudes
    ADD CONSTRAINT solicitudes_solicitudes_pkey PRIMARY KEY (id);


--
-- Name: solicitudes_tipos_pkey; Type: CONSTRAINT; Schema: public; Owner: postgres
--

ALTER TABLE ONLY public.solicitudes_tipos
    ADD CONSTRAINT solicitudes_tipos_pkey PRIMARY KEY (id);


--
-- Name: solicitudes_zonas_pkey; Type: CONSTRAINT; Schema: public; Owner: postgres
--

ALTER TABLE ONLY public.solicitudes_zonas
    ADD CONSTRAINT solicitudes_zonas_pkey PRIMARY KEY (id);


--
-- Name: auth_group_name_a6ea08ec_like; Type: INDEX; Schema: public; Owner: postgres
--

CREATE INDEX auth_group_name_a6ea08ec_like ON public.auth_group USING btree (name varchar_pattern_ops);


--
-- Name: auth_group_permissions_group_id_b120cbf9; Type: INDEX; Schema: public; Owner: postgres
--

CREATE INDEX auth_group_permissions_group_id_b120cbf9 ON public.auth_group_permissions USING btree (group_id);


--
-- Name: auth_group_permissions_permission_id_84c5c92e; Type: INDEX; Schema: public; Owner: postgres
--

CREATE INDEX auth_group_permissions_permission_id_84c5c92e ON public.auth_group_permissions USING btree (permission_id);


--
-- Name: auth_permission_content_type_id_2f476e4b; Type: INDEX; Schema: public; Owner: postgres
--

CREATE INDEX auth_permission_content_type_id_2f476e4b ON public.auth_permission USING btree (content_type_id);


--
-- Name: auth_user_groups_group_id_97559544; Type: INDEX; Schema: public; Owner: postgres
--

CREATE INDEX auth_user_groups_group_id_97559544 ON public.auth_user_groups USING btree (group_id);


--
-- Name: auth_user_groups_user_id_6a12ed8b; Type: INDEX; Schema: public; Owner: postgres
--

CREATE INDEX auth_user_groups_user_id_6a12ed8b ON public.auth_user_groups USING btree (user_id);


--
-- Name: auth_user_user_permissions_permission_id_1fbb5f2c; Type: INDEX; Schema: public; Owner: postgres
--

CREATE INDEX auth_user_user_permissions_permission_id_1fbb5f2c ON public.auth_user_user_permissions USING btree (permission_id);


--
-- Name: auth_user_user_permissions_user_id_a95ead1b; Type: INDEX; Schema: public; Owner: postgres
--

CREATE INDEX auth_user_user_permissions_user_id_a95ead1b ON public.auth_user_user_permissions USING btree (user_id);


--
-- Name: auth_user_username_6821ab7c_like; Type: INDEX; Schema: public; Owner: postgres
--

CREATE INDEX auth_user_username_6821ab7c_like ON public.auth_user USING btree (username varchar_pattern_ops);


--
-- Name: django_session_expire_date_a5c62663; Type: INDEX; Schema: public; Owner: postgres
--

CREATE INDEX django_session_expire_date_a5c62663 ON public.django_session USING btree (expire_date);


--
-- Name: django_session_session_key_c0390e0f_like; Type: INDEX; Schema: public; Owner: postgres
--

CREATE INDEX django_session_session_key_c0390e0f_like ON public.django_session USING btree (session_key varchar_pattern_ops);


--
-- Name: solicitudes_facturas_solicitud_id_9cbbf4d1; Type: INDEX; Schema: public; Owner: postgres
--

CREATE INDEX solicitudes_facturas_solicitud_id_9cbbf4d1 ON public.solicitudes_facturas USING btree (solicitud_id);


--
-- Name: solicitudes_fanpages_zona_id_186cc400; Type: INDEX; Schema: public; Owner: postgres
--

CREATE INDEX solicitudes_fanpages_zona_id_186cc400 ON public.solicitudes_fanpages USING btree (zona_id);


--
-- Name: solicitudes_gerentes_zona_id_b4d17604; Type: INDEX; Schema: public; Owner: postgres
--

CREATE INDEX solicitudes_gerentes_zona_id_b4d17604 ON public.solicitudes_gerentes USING btree (zona_id);


--
-- Name: solicitudes_imagenes_solicitud_id_5da95133; Type: INDEX; Schema: public; Owner: postgres
--

CREATE INDEX solicitudes_imagenes_solicitud_id_5da95133 ON public.solicitudes_imagenes USING btree (solicitud_id);


--
-- Name: solicitudes_solicitudes_categoria_id_2e13d0e9; Type: INDEX; Schema: public; Owner: postgres
--

CREATE INDEX solicitudes_solicitudes_categoria_id_2e13d0e9 ON public.solicitudes_solicitudes USING btree (categoria_id);


--
-- Name: solicitudes_solicitudes_fanPage_id_1f6e1353; Type: INDEX; Schema: public; Owner: postgres
--

CREATE INDEX "solicitudes_solicitudes_fanPage_id_1f6e1353" ON public.solicitudes_solicitudes USING btree ("fanPage_id");


--
-- Name: solicitudes_solicitudes_gerente_id_ef338f52; Type: INDEX; Schema: public; Owner: postgres
--

CREATE INDEX solicitudes_solicitudes_gerente_id_ef338f52 ON public.solicitudes_solicitudes USING btree (gerente_id);


--
-- Name: solicitudes_solicitudes_tipo_id_17612a40; Type: INDEX; Schema: public; Owner: postgres
--

CREATE INDEX solicitudes_solicitudes_tipo_id_17612a40 ON public.solicitudes_solicitudes USING btree (tipo_id);


--
-- Name: solicitudes_solicitudes_zona_id_e0b2df70; Type: INDEX; Schema: public; Owner: postgres
--

CREATE INDEX solicitudes_solicitudes_zona_id_e0b2df70 ON public.solicitudes_solicitudes USING btree (zona_id);


--
-- Name: auth_group_permissio_permission_id_84c5c92e_fk_auth_perm; Type: FK CONSTRAINT; Schema: public; Owner: postgres
--

ALTER TABLE ONLY public.auth_group_permissions
    ADD CONSTRAINT auth_group_permissio_permission_id_84c5c92e_fk_auth_perm FOREIGN KEY (permission_id) REFERENCES public.auth_permission(id) DEFERRABLE INITIALLY DEFERRED;


--
-- Name: auth_group_permissions_group_id_b120cbf9_fk_auth_group_id; Type: FK CONSTRAINT; Schema: public; Owner: postgres
--

ALTER TABLE ONLY public.auth_group_permissions
    ADD CONSTRAINT auth_group_permissions_group_id_b120cbf9_fk_auth_group_id FOREIGN KEY (group_id) REFERENCES public.auth_group(id) DEFERRABLE INITIALLY DEFERRED;


--
-- Name: auth_permission_content_type_id_2f476e4b_fk_django_co; Type: FK CONSTRAINT; Schema: public; Owner: postgres
--

ALTER TABLE ONLY public.auth_permission
    ADD CONSTRAINT auth_permission_content_type_id_2f476e4b_fk_django_co FOREIGN KEY (content_type_id) REFERENCES public.django_content_type(id) DEFERRABLE INITIALLY DEFERRED;


--
-- Name: auth_user_groups_group_id_97559544_fk_auth_group_id; Type: FK CONSTRAINT; Schema: public; Owner: postgres
--

ALTER TABLE ONLY public.auth_user_groups
    ADD CONSTRAINT auth_user_groups_group_id_97559544_fk_auth_group_id FOREIGN KEY (group_id) REFERENCES public.auth_group(id) DEFERRABLE INITIALLY DEFERRED;


--
-- Name: auth_user_groups_user_id_6a12ed8b_fk_auth_user_id; Type: FK CONSTRAINT; Schema: public; Owner: postgres
--

ALTER TABLE ONLY public.auth_user_groups
    ADD CONSTRAINT auth_user_groups_user_id_6a12ed8b_fk_auth_user_id FOREIGN KEY (user_id) REFERENCES public.auth_user(id) DEFERRABLE INITIALLY DEFERRED;


--
-- Name: auth_user_user_permi_permission_id_1fbb5f2c_fk_auth_perm; Type: FK CONSTRAINT; Schema: public; Owner: postgres
--

ALTER TABLE ONLY public.auth_user_user_permissions
    ADD CONSTRAINT auth_user_user_permi_permission_id_1fbb5f2c_fk_auth_perm FOREIGN KEY (permission_id) REFERENCES public.auth_permission(id) DEFERRABLE INITIALLY DEFERRED;


--
-- Name: auth_user_user_permissions_user_id_a95ead1b_fk_auth_user_id; Type: FK CONSTRAINT; Schema: public; Owner: postgres
--

ALTER TABLE ONLY public.auth_user_user_permissions
    ADD CONSTRAINT auth_user_user_permissions_user_id_a95ead1b_fk_auth_user_id FOREIGN KEY (user_id) REFERENCES public.auth_user(id) DEFERRABLE INITIALLY DEFERRED;


--
-- Name: solicitudes_facturas_solicitud_id_9cbbf4d1_fk_solicitud; Type: FK CONSTRAINT; Schema: public; Owner: postgres
--

ALTER TABLE ONLY public.solicitudes_facturas
    ADD CONSTRAINT solicitudes_facturas_solicitud_id_9cbbf4d1_fk_solicitud FOREIGN KEY (solicitud_id) REFERENCES public.solicitudes_solicitudes(id) DEFERRABLE INITIALLY DEFERRED;


--
-- Name: solicitudes_fanpages_zona_id_186cc400_fk_solicitudes_zonas_id; Type: FK CONSTRAINT; Schema: public; Owner: postgres
--

ALTER TABLE ONLY public.solicitudes_fanpages
    ADD CONSTRAINT solicitudes_fanpages_zona_id_186cc400_fk_solicitudes_zonas_id FOREIGN KEY (zona_id) REFERENCES public.solicitudes_zonas(id) DEFERRABLE INITIALLY DEFERRED;


--
-- Name: solicitudes_gerentes_zona_id_b4d17604_fk_solicitudes_zonas_id; Type: FK CONSTRAINT; Schema: public; Owner: postgres
--

ALTER TABLE ONLY public.solicitudes_gerentes
    ADD CONSTRAINT solicitudes_gerentes_zona_id_b4d17604_fk_solicitudes_zonas_id FOREIGN KEY (zona_id) REFERENCES public.solicitudes_zonas(id) DEFERRABLE INITIALLY DEFERRED;


--
-- Name: solicitudes_imagenes_solicitud_id_5da95133_fk_solicitud; Type: FK CONSTRAINT; Schema: public; Owner: postgres
--

ALTER TABLE ONLY public.solicitudes_imagenes
    ADD CONSTRAINT solicitudes_imagenes_solicitud_id_5da95133_fk_solicitud FOREIGN KEY (solicitud_id) REFERENCES public.solicitudes_solicitudes(id) DEFERRABLE INITIALLY DEFERRED;


--
-- Name: solicitudes_solicitu_categoria_id_2e13d0e9_fk_solicitud; Type: FK CONSTRAINT; Schema: public; Owner: postgres
--

ALTER TABLE ONLY public.solicitudes_solicitudes
    ADD CONSTRAINT solicitudes_solicitu_categoria_id_2e13d0e9_fk_solicitud FOREIGN KEY (categoria_id) REFERENCES public.solicitudes_categorias(id) DEFERRABLE INITIALLY DEFERRED;


--
-- Name: solicitudes_solicitu_fanPage_id_1f6e1353_fk_solicitud; Type: FK CONSTRAINT; Schema: public; Owner: postgres
--

ALTER TABLE ONLY public.solicitudes_solicitudes
    ADD CONSTRAINT "solicitudes_solicitu_fanPage_id_1f6e1353_fk_solicitud" FOREIGN KEY ("fanPage_id") REFERENCES public.solicitudes_fanpages(id) DEFERRABLE INITIALLY DEFERRED;


--
-- Name: solicitudes_solicitu_gerente_id_ef338f52_fk_solicitud; Type: FK CONSTRAINT; Schema: public; Owner: postgres
--

ALTER TABLE ONLY public.solicitudes_solicitudes
    ADD CONSTRAINT solicitudes_solicitu_gerente_id_ef338f52_fk_solicitud FOREIGN KEY (gerente_id) REFERENCES public.solicitudes_gerentes(id) DEFERRABLE INITIALLY DEFERRED;


--
-- Name: solicitudes_solicitu_tipo_id_17612a40_fk_solicitud; Type: FK CONSTRAINT; Schema: public; Owner: postgres
--

ALTER TABLE ONLY public.solicitudes_solicitudes
    ADD CONSTRAINT solicitudes_solicitu_tipo_id_17612a40_fk_solicitud FOREIGN KEY (tipo_id) REFERENCES public.solicitudes_tipos(id) DEFERRABLE INITIALLY DEFERRED;


--
-- Name: solicitudes_solicitu_zona_id_e0b2df70_fk_solicitud; Type: FK CONSTRAINT; Schema: public; Owner: postgres
--

ALTER TABLE ONLY public.solicitudes_solicitudes
    ADD CONSTRAINT solicitudes_solicitu_zona_id_e0b2df70_fk_solicitud FOREIGN KEY (zona_id) REFERENCES public.solicitudes_zonas(id) DEFERRABLE INITIALLY DEFERRED;


--
-- Name: SCHEMA public; Type: ACL; Schema: -; Owner: postgres
--

REVOKE ALL ON SCHEMA public FROM PUBLIC;
REVOKE ALL ON SCHEMA public FROM postgres;
GRANT ALL ON SCHEMA public TO postgres;
GRANT ALL ON SCHEMA public TO PUBLIC;


--
-- PostgreSQL database dump complete
--

